{"cameraMode":{"drawMode":0,"name":"Shaded","section":"Shading Mode"},"sceneLighting":false,"audioPlay":false,"sceneViewState":{"showFog":true,"showMaterialUpdate":false,"showSkybox":false,"showFlares":true,"showImageEffects":true,"showParticleSystems":true},"in2DMode":false,"pivot":{"x":16.923948287963868,"y":-1.9021072387695313,"z":11.47988510131836},"rotation":{"x":-0.3918443024158478,"y":0.3067348003387451,"z":-0.1404188871383667,"w":-0.8559547066688538},"size":65.46168518066406,"orthographic":false}