{"cameraMode":{"drawMode":0,"name":"Shaded","section":"Shading Mode"},"sceneLighting":false,"audioPlay":false,"sceneViewState":{"showFog":true,"showMaterialUpdate":false,"showSkybox":false,"showFlares":true,"showImageEffects":true,"showParticleSystems":true},"in2DMode":false,"pivot":{"x":10.982414245605469,"y":-9.019434928894043,"z":47.35208511352539},"rotation":{"x":-0.16607271134853364,"y":-0.1291733980178833,"z":0.021949468180537225,"w":-0.9773728847503662},"size":46.93140411376953,"orthographic":false}