{"cameraMode":{"drawMode":0,"name":"Shaded","section":"Shading Mode"},"sceneLighting":false,"audioPlay":false,"sceneViewState":{"showFog":true,"showMaterialUpdate":false,"showSkybox":false,"showFlares":true,"showImageEffects":true,"showParticleSystems":true},"in2DMode":false,"pivot":{"x":6.013326644897461,"y":-11.77781867980957,"z":39.417354583740237},"rotation":{"x":-0.15836967527866364,"y":-0.23538561165332795,"z":0.03890771418809891,"w":-0.9581257104873657},"size":76.56714630126953,"orthographic":false}