{"cameraMode":{"drawMode":0,"name":"Shaded","section":"Shading Mode"},"sceneLighting":false,"audioPlay":false,"sceneViewState":{"showFog":true,"showMaterialUpdate":false,"showSkybox":false,"showFlares":true,"showImageEffects":true,"showParticleSystems":true},"in2DMode":false,"pivot":{"x":23.08610725402832,"y":-17.510540008544923,"z":20.02444839477539},"rotation":{"x":-0.34398290514945986,"y":0.20521949231624604,"z":-0.07731752097606659,"w":-0.9130100607872009},"size":101.59619903564453,"orthographic":false}