{"cameraMode":{"drawMode":0,"name":"Shaded","section":"Shading Mode"},"sceneLighting":false,"audioPlay":false,"sceneViewState":{"showFog":true,"showMaterialUpdate":false,"showSkybox":false,"showFlares":true,"showImageEffects":true,"showParticleSystems":true},"in2DMode":false,"pivot":{"x":12.476814270019532,"y":-9.161491394042969,"z":1.882089614868164},"rotation":{"x":-0.4137551784515381,"y":0.4260425865650177,"z":-0.22851194441318513,"w":-0.771414577960968},"size":49.760841369628909,"orthographic":false}