{"cameraMode":{"drawMode":0,"name":"Shaded","section":"Shading Mode"},"sceneLighting":false,"audioPlay":false,"sceneViewState":{"showFog":true,"showMaterialUpdate":false,"showSkybox":false,"showFlares":true,"showImageEffects":true,"showParticleSystems":true},"in2DMode":false,"pivot":{"x":6.540073871612549,"y":-5.172618865966797,"z":23.770753860473634},"rotation":{"x":-0.06896890699863434,"y":0.9043307304382324,"z":-0.389625608921051,"w":-0.16007862985134126},"size":29.684045791625978,"orthographic":false}