{"cameraMode":{"drawMode":0,"name":"Shaded","section":"Shading Mode"},"sceneLighting":false,"audioPlay":false,"sceneViewState":{"showFog":true,"showMaterialUpdate":false,"showSkybox":false,"showFlares":true,"showImageEffects":true,"showParticleSystems":true},"in2DMode":false,"pivot":{"x":5.000000953674316,"y":9.5367431640625e-7,"z":5.000003814697266},"rotation":{"x":-0.4699082374572754,"y":0.0190618634223938,"z":-0.010150506161153317,"w":-0.882453203201294},"size":49.500022888183597,"orthographic":false}