{"cameraMode":{"drawMode":0,"name":"Shaded","section":"Shading Mode"},"sceneLighting":false,"audioPlay":false,"sceneViewState":{"showFog":true,"showMaterialUpdate":false,"showSkybox":false,"showFlares":false,"showImageEffects":true,"showParticleSystems":true},"in2DMode":false,"pivot":{"x":10.8070068359375,"y":0.36328125,"z":0.22216796875},"rotation":{"x":-0.12744297087192536,"y":0.872371256351471,"z":-0.36565980315208437,"w":-0.2994159162044525},"size":32.754032135009769,"orthographic":true}