{"cameraMode":{"drawMode":0,"name":"Shaded","section":"Shading Mode"},"sceneLighting":false,"audioPlay":false,"sceneViewState":{"showFog":true,"showMaterialUpdate":false,"showSkybox":false,"showFlares":false,"showImageEffects":true,"showParticleSystems":true},"in2DMode":false,"pivot":{"x":5.000000953674316,"y":9.5367431640625e-7,"z":5.000003814697266},"rotation":{"x":0.18215200304985047,"y":-0.40426546335220339,"z":0.07137972861528397,"w":0.894556999206543},"size":49.500022888183597,"orthographic":true}